link,title
/pen/npo/4280588729.html,Behavioral Health Specialist
/nby/npo/4280488292.html,Executive Director for Youth-Development Organization
/sby/npo/4280423531.html,Home Based Specialist
/sfc/npo/4280414885.html,School Based Outreach Worker 
/pen/npo/4280406214.html,BILINGUAL HEALTH EDUCATOR/PARENTING COACH Redwood City/Menlo Park
/eby/npo/4280400177.html,BILINGUAL HEALTH EDUCATOR/PARENTING COACH Oakland
/nby/npo/4280396055.html,Wraparound Clinician - Provide Community-Based Support to Families!
/sfc/npo/4280394620.html,Permanency Specialist
/sby/npo/4280393590.html,Seeking Bilingual Staff: Support Youth in Your Community!
/sfc/npo/4280393173.html,Youth Counselor - Work with youth in the community!
/eby/npo/4280392346.html,Family Advocate
/scz/npo/4280388790.html,Part-Time Weekend Women's Shelter Assistant 
/eby/npo/4280387584.html,Home Based Specialist
/pen/npo/4280380402.html,Family Advocate
/eby/npo/4280368669.html,Math Teacher at a Unique Charter High School 
/pen/npo/4280360122.html,Home Based Specialist
/eby/npo/4280358746.html,SENIOR ASSOCIATE-CONVERGENCE PARTNERSHIP 
/eby/npo/4280349472.html,Job Placement Supervisor
/eby/npo/4280347053.html,Part time Job Coach for Developmentally Disabled
/eby/npo/4280337318.html,Canvass Director! Make a difference in the Bay Area through Hip Hop!
/nby/npo/4280335068.html,"Service Provider IV (SPIV), PT -  Sonoma County Independent Living Int"
/eby/npo/4280333543.html,Case Specialist
/eby/npo/4280332383.html,Bilingual Employment Specialist
/eby/npo/4280329867.html,Case Manager
/eby/npo/4280326117.html,Marketing and Program Manager
/sby/npo/4280323828.html,"CADAC ll, RAS, CAADE"
/eby/npo/4280321516.html,High School Biotech Academy Program/Teaching Assistant 
/sfc/npo/4280310485.html,Case Manager/Crisis Intervention Counselor
/sfc/npo/4280301957.html,Education Intern at San Francisco Opera
/nby/npo/4280287120.html,"Personal Care Provider, On Call, Residential Support Services (R.S.S.)"
/sfc/npo/4280282994.html,Office Manager - Sustainable Apparel Coalition
/eby/npo/4280274823.html,Girls Inc. Teen Program Coordinator
/sfc/npo/4280265170.html,Family Services Specialist III
/nby/npo/4280262368.html,Executive Director
/eby/npo/4280254505.html,Executive Director
/sfc/npo/4280246534.html,Technician & Veterinary Assistant
/eby/npo/4280229297.html,Program Manager -- Living Arroyos
/pen/npo/4280205563.html,Program & Administrative Support 
/sfc/npo/4280196278.html,Teacher's Assistant-SF Harbor Light
/sfc/npo/4280194140.html,Teacher-SF Harbor Light
/eby/npo/4280192215.html,Site Coordinator for After-School Program
/eby/npo/4280187595.html,Community Education Coordinator
/sfc/npo/4280174920.html,Client Specialist - Tides
/sby/npo/4280135695.html,Roommate/Companion
/sby/npo/4280130039.html,Facilitator -- Wraparound Program
/sby/npo/4280128030.html,Facility Manager
/nby/npo/4280106516.html,Ministries Assistant - Westminster Woods Camp
/sfc/npo/4280101028.html,Events and Operations Intern for USGBC Northern CA Chapter
/eby/npo/4280098056.html,Satellite Office Quality Assurance Analyst - Contra Costa
/pen/npo/4280095214.html,Part Time Fund Development-Canary Foundation-early cancer detection
/sby/npo/4280047668.html,Bicycle coalition seeks Development Director
/sby/npo/4280034640.html,Bicycle coalition seeks Event Coordinator
/sfc/npo/4280008183.html,Transition Specialist (Part-time/Temporary)
/sfc/npo/4279950104.html,Clinical Program Supervisor
/eby/npo/4279943760.html,Regional Care Manager/Social Worker for East Bay
/sfc/npo/4279932330.html,***Campaign Jobs to Stop Big Oil from Fracking CA. $11-$16/hr***
/pen/npo/4279919854.html,Development Manager
/pen/npo/4279918910.html,Kaiser Community Connectors (2) - (San Mateo/Santa Clara Counties)
/pen/npo/4279914399.html,"Director, California Child Health Data Program"
/eby/npo/4279903599.html,Para-Professional Wanted
/nby/npo/4279900548.html,Special Projects Coordinator - Full Time with Benefits
/eby/npo/4279891550.html,SPREAD AWARENESS TO PROMOTE WORLD PEACE!
/scz/npo/4279876347.html,"*** Be The Change -- Work for Greenpeace FT, $13-14/HR ***"
/eby/npo/4279868102.html,"*** Be The Change -- Work for Greenpeace FT, $13-14/HR ***"
/nby/npo/4279856426.html,Director of Corporate Partnerships
/eby/npo/4279842518.html,Direct Support Staff 
/eby/npo/4279820152.html,Girls Inc. Elementary and Middle School Interim Program Coordinator
/eby/npo/4279809378.html,Youth Intervention Specialist
/sfc/npo/4279787201.html,Executive/Development Assistant
/sfc/npo/4279778140.html,Development Director
/sby/npo/4279711644.html,Spanish Bilingual Social Science Research Assistant 
/eby/npo/4279701961.html,After School Program Teacher - George Miller Center - Hilltop Richmond
/sfc/npo/4279698094.html,Controller Wanted
/eby/npo/4279695696.html,Instructors for Adults with disabilities (Concord)
/scz/npo/4279668521.html,Bi-lingual Life Skills Trainer Position 
/eby/npo/4279633669.html,"FULL-TIME DIRECTOR OF REVENUE CYCLE MANAGEMENT, Concord"
/scz/npo/4279514120.html,Grassroots Organizing to Break Down the Cycle of Poverty 
/eby/npo/4279513064.html,PROTECT AMERICA THE BEAUTIFUL! JOIN OUR CAMPAIGN FOR THE ENVIRONMENT! 
/nby/npo/4279462964.html,Rehabilitation Manager - Adult Substance Abuse Rehabilitation Program
/sfc/npo/4279188684.html,US Director
/eby/npo/4279159255.html,HIV Prevention Program Coordinator
/eby/npo/4279147177.html,HEALTH NAVIGATOR
/nby/npo/4279028452.html,COTS - Case Manager
/sfc/npo/4278905071.html,JobLink Coordinator
/eby/npo/4278904095.html,CHIEF FINANCIAL OFFICER
/eby/npo/4278901986.html,SUPPORT COUNSELOR II
/eby/npo/4278879964.html,Therapeutic Behavioral Services (TBS) Clinician
/eby/npo/4278877184.html,Social Worker - Intensive Treatment Foster Care
/eby/npo/4278875756.html,Wraparound Social Worker - Provide Community Based Support to Families
/sby/npo/4278873358.html,Wraparound Social Worker for a Rapidly Growing Program!
/sfc/npo/4278870890.html,Youth Counselor - Work with youth in the community!
/sfc/npo/4278867442.html,"Support Specialist for Mastery, Empathy and Social Conscience Program"
/eby/npo/4278843205.html,Support Counselor for Probation Youth: Full-time position!
/eby/npo/4278837635.html,"Bilingual Crisis Clinician - $49,000 + up to $4,000 differential"
/sfc/npo/4278808155.html,"Grant Writing, Institutional & Government Partnerships"
/nby/npo/4278792151.html,Development Associate
/eby/npo/4278791444.html,Academic Specialist 
/sfc/npo/4278790307.html,Case Manager / Peer Counselor
/eby/npo/4278773992.html,getREAL Progect Director
/sfc/npo/4278759268.html,Residential Case Manager
